comparison,roc_auc_diff,roc_auc_lo,roc_auc_hi,pr_auc_diff,pr_auc_lo,pr_auc_hi,prec_decile_diff,prec_decile_lo,prec_decile_hi
"Algorithm effect, same 7 inputs: XGBoost minus Dechow F-score",-0.009298750571611003,-0.032761879849995096,0.016673155708607196,0.008625840766509518,-0.002047317627284963,0.02230030402866114,0.0011452397754381956,-0.004303867661895252,0.005508337876166167
"Algorithm effect, same 7 inputs: Random Forest minus Dechow F-score",-0.013669096081852516,-0.039879555623561075,0.015984897667921574,-0.0014559699428966302,-0.009761197702067041,0.005689370736671339,-0.0003116512053882251,-0.005244344189353237,0.004078199290073825
"Input effect, same algorithm: XGBoost (42) minus XGBoost (7)",0.020274299989316513,-0.018867972272353543,0.05566818363886751,-0.009489653292891188,-0.03153012669209373,0.003119972574952092,0.0013881644123441145,-0.0034110762956213567,0.00770502640382687
Combined effect: XGBoost (42) minus Dechow F-score,0.01097554941770551,-0.027192487328672653,0.049301776867860275,-0.0008638125263816694,-0.011732748832329661,0.005016260201394478,0.00253340418778231,-0.0034042222431416016,0.008671541036690315
Combined effect: XGBoost (42) minus Beneish M-score,0.10534611928292148,0.058612824832448375,0.15428793732406393,0.007019055620686871,0.004110789149460956,0.01340062301899245,0.009814954748324334,0.004308523052485506,0.015486479402608493
Combined effect: XGBoost (42) minus Altman Z-score,0.2879445582362461,0.24141220627040022,0.3346368452725421,0.010279737431412413,0.008338566046818895,0.01649429536068623,0.016844942184752625,0.012362980780557678,0.022171292903135915
Bao et al. comparison: RUSBoost (28 raw) minus Dechow F-score,0.032621749032902714,-0.017248512775248963,0.08041580151424747,-0.0002947851820361176,-0.011151245449231455,0.0059124386901111626,0.0028633464630000126,-0.003061655866601138,0.008530026546480085
Combined effect: Random Forest (42) minus Dechow F-score,0.01780660503069209,-0.02322720278982898,0.06208716820515413,-0.001763626966340203,-0.013317815047107863,0.003440498279094335,-7.069029433421498e-05,-0.00587039964300696,0.005911839908260057
Unsupervised minus Dechow F-score,-0.2004639923944196,-0.2493723598166502,-0.14437291007079917,-0.010157664975195206,-0.022057463161252372,-0.007187110365879146,-0.010588127179234682,-0.015470609820038731,-0.006131933891744597
Serial-fraud recoding minus no recoding (XGBoost 42),-0.06637554249444466,-0.08363963028555804,-0.048707866831296937,-0.014215726941108637,-0.027851272176245848,-0.010202291192034946,-0.01236811588220628,-0.017115392691276723,-0.008687221556802167
