model,label,tier,roc_auc,pr_auc,prec_1pct,prec_decile,rec_decile,ndcg_1pct,roc_auc_lo,roc_auc_hi,pr_auc_lo,pr_auc_hi,prec_decile_lo,prec_decile_hi,rec_decile_lo,rec_decile_hi,prevalence_baseline
neg_z,Altman Z-score,Statistical,0.3746173329254081,0.006440525372356701,0.0,0.0007594433055678093,0.013986013986013986,0.0,0.33937754085767163,0.4063182622738009,0.005878130117622064,0.007711722665016342,0.0,0.001893418446341611,0.0,0.03468942821883997,0.008388740022030229
mscore,Beneish M-score,Statistical,0.5572157718787327,0.009701207183082242,0.0,0.0077894307419961,0.10388362613186969,0.0,0.5213187588728174,0.5919324288014847,0.00882348804270527,0.012709443260289265,0.004792782246502752,0.011111977558682902,0.05937183284551706,0.14803276685070157,0.008388740022030229
Logit_F7,"Dechow F-score (logit, 7 ratios)",Statistical,0.6515863417439487,0.017584075330150783,0.03376569878086562,0.015070981302538124,0.1825951176068272,0.03765134124674074,0.6138666287655108,0.6845214226800771,0.01462281488141087,0.03009065176991582,0.010837436146590213,0.019769154185683882,0.1305509747291364,0.2420742712148159,0.008388740022030229
RF_F7,Random Forest (7 ratios),Supervised ML,0.6379172456620962,0.016128105387254153,0.026105510787007246,0.014759330097149899,0.18476332410758642,0.028902224169329065,0.604463720777336,0.669990014865768,0.013502956475220524,0.02782150963932173,0.010634141202326863,0.018697613002033694,0.12656346487156603,0.23951067388207853,0.008388740022030229
XGB_F7,XGBoost (7 ratios),Supervised ML,0.6422875911723377,0.0262099160966603,0.022412808172655858,0.01621622107797632,0.19831466347859786,0.04872235023299613,0.6063684139529633,0.676022058973561,0.015311155117362269,0.04991792936348508,0.011831582294640505,0.020475250625883845,0.14601602185003168,0.2530856068960907,0.008388740022030229
RF_F42,Random Forest (42 variables),Supervised ML,0.6693929467746408,0.01582044836381058,0.011045256688825306,0.015000291008203909,0.16531477889791704,0.010505347872292974,0.6340270056057529,0.7026554801953978,0.01416444805858097,0.02174966267890441,0.010238785207498909,0.02044191253305773,0.11839222697307232,0.227703726389763,0.008388740022030229
XGB_F42,XGBoost (42 variables),Supervised ML,0.6625618911616542,0.016720262803769113,0.02183015788473698,0.017604385490320434,0.19902794317314224,0.01810113049624359,0.6311609556594177,0.6969691813090851,0.014729881293833987,0.023791565944737355,0.013168002292045728,0.023012919806152124,0.14287977227399856,0.2632757552792297,0.008388740022030229
RUS_RAW28,RUSBoost (28 raw items),Supervised ML,0.6842080907768514,0.017289290148114665,0.01796518998184123,0.017934327765538136,0.19758578657876083,0.015178827948461732,0.6442120490479898,0.7208840113264838,0.015203218148760793,0.024267815076996182,0.013138139491082548,0.023026924625779797,0.1405391716626273,0.26203501195735224,0.008388740022030229
IF_R14,"Isolation Forest (14 ratios, no labels)",Unsupervised,0.4511223493495291,0.0074264103549555776,0.0,0.004482854123303441,0.06547901746964979,0.0,0.4144414450643836,0.4896905150908957,0.006816768973153848,0.009530222011064887,0.0018733069922975208,0.0071350063468431655,0.0303279827070188,0.10186862477994814,0.008388740022030229
XGB_F42_norecode,"XGBoost (42), no serial-fraud recoding",Robustness,0.7289374336560989,0.03093598974487775,0.05452964738348642,0.029972501372526713,0.32450473024243515,0.05624532368474824,0.693709641525125,0.7602887013426946,0.026224831794533707,0.048681155800354,0.024466889705972848,0.03687082749006728,0.26748021448272885,0.3906368069969009,0.008388740022030229
XGB_F42_drop,"XGBoost (42), serial-fraud rows dropped",Robustness,0.669508880647037,0.0171177768401618,0.01836457389186344,0.020163873660966638,0.22762093488088805,0.016937574531875076,0.636773738592818,0.7040295241652367,0.015122831684237283,0.024440248423801558,0.015057966132556857,0.025872897161155085,0.1702930117468,0.29511671482595303,0.008388740022030229
